title,content,difficulty,publishedAt,createdAt,author,id
Atrox antea cura speciosus laudantium vivo id capio.,"Conatus peior caelestis velum sollicito aggero depono utrimque curtus. Modi venia curriculum occaecati harum. Adipiscor et sursum theca.
Cursim aeger statua arca depereo. Deleo vivo audeo contabesco vomica tenuis deficio. Auctus texo casso cur usus incidunt sonitus aliquam.
Copia calculus patior dolor. Condico valetudo tamisium accommodo. Cognatus atqui acidus auditor voluptates vita delicate sunt tabgo adhuc.
Colligo totus inflammatio subiungo arbor cresco molestiae depulso. Adfectus quaerat calculus calco strues custodia theca. Thalassinus articulus demulceo sulum umerus tutis vesper.",advanced,2025-10-20 03:22:12.231,2024-12-26 00:25:50.781,Jonathon White,1
Certe viridis abduco praesentium clementia curis demergo quas.,"Solutio canto aveho tenuis depromo candidus fugiat. Auctor vulgivagus stips dolorum varietas adimpleo ancilla cena sonitus. Umerus totam catena deporto advenio voluptatibus suffoco sortitus alius victoria.
Saepe crinis vociferor curriculum deprecator cupiditate placeat conicio. Deduco suggero accusamus comparo ullam perspiciatis tyrannus cohaero beneficium. Volutabrum minus corroboro conspergo amicitia.
Asperiores facere deludo subnecto carbo attero ante astrum. Pariatur desino odio auctus combibo tredecim campana. Talio sustineo modi cunctatio.
Veritatis vociferor arx. Culpo alius quas uterque. Decet thymbra soluta adfectus blandior utrum debilito.",beginner,2025-09-28 22:12:45.49,2025-04-30 01:52:55.415,Isabel Swaniawski,2
Spero subito tendo solvo blanditiis avarus.,"Illo sufficio depulso solvo soleo chirographum. Deficio natus appositus amet. Amita inflammatio advenio debitis tumultus vestigium spargo enim.
Debeo crustulum creator pariatur vinco artificiose depono. Approbo pax textilis corrumpo agnosco capio cribro sui. Assentator infit trucido.",beginner,2025-09-29 02:03:21.758,2025-09-16 01:37:25.868,Jessie Ledner,5
Vere quae aeneus stipes clibanus caritas.,"Stabilis synagoga attonbitus astrum creptio vulgo vito dignissimos cavus cumque. Esse custodia vestigium collum vilitas caterva demens. Abutor adicio angelus delibero callide carmen.
Usitas stipes nesciunt aequus. Sponte curtus abstergo territo. Copia bis amoveo.
Eius adversus adeptio veritatis deinde cultellus voro statim. Cotidie sumo delibero clementia convoco magni claro. Autus omnis soleo verbera molestiae cuppedia.
Vilitas canonicus ascit delibero. Cado urbanus depromo sed universe vester coepi tricesimus. Accendo vinum commemoro derelinquo creta careo debitis.
Cuius aspicio arto solus voluptates excepturi. Decor magni amicitia cotidie ipsum ter vomica occaecati tamquam admitto. Vetus sophismata arx adimpleo bonus vomito strues.",beginner,2025-10-18 02:41:28.698,2025-10-08 12:45:54.596,Rose Heathcote,3
Vita quos quod.,"Confido vulgo antepono. Amissio temptatio abeo capio deleniti cibus. Cura asperiores defungo.
Dignissimos copiose utpote thorax vinum vallum volaticus. Arto demum annus texo approbo sum stillicidium nihil. Creo aliquid iste spargo.
Arbitro venio astrum caste delectus vespillo pauci ventus. Arbustum succedo canis. Usitas cernuus subseco arbustum venia arcus unus.
Tantum laborum deputo cognomen sapiente coepi. Tepesco cursim maxime speculum communis cupiditas crapula claro vita. Curto testimonium caelestis placeat magni cunctatio arguo abstergo ducimus.",intermediate,2025-10-16 17:24:51.434,2025-01-31 21:54:43.062,Dominick Kerluke,4